peptide_name,Label,peptide_seq
AAV9,0,AQAQAQTG
PHP.eB,1,DGTLAVPFKAQAQTG
PHP.B,1,AQTLAVPFKAQAQTG
PHP.B2,1,AQSVSKPFLAQAQTG
PHP.B3,1,AQFTLTTPKAQAQTG
PHP.N,1,AQTLAVPFSNPAQTG
PHP.C1,0,AQRYQGDSVAQAQTG
PHP.C2,0,AQWSTNAGYAQAQTG
PHP.C3,0,AQERVGFAQAQAQTG
PHP.V1,1,AQTALKPFLAQAQTG
PHP.V2,1,AQTTLKPFLAQAQTG
MacPNS1,0,AQPHEGSSRAQAQTG
MacPNS2,0,AQPNASVNSAQAQTG
NB-1,0,AQSLDTTKGAQAQTG
NB-2,0,AQESRGLSLAQAQTG
NB-3,0,AQMIRGLDTAQAQTG
NB-4,0,AQNGDLTRSAQAQTG
NB-5,0,AQTKREIDYAQAQTG
NB-6,0,AQMHHGMEIAQAQTG
NB-7,0,AQTPRMDTFAQAQTG
NB-8,0,AQVHRDLNFAQAQTG
NB-9,0,AQTARKEEFAQAQTG