peptide_name,peptide_seq,IC50,IC50-1digit
AHB1,DEDLEELERLYRKAEEVAKEAKDASRRGDDERAKEQMERAMRLFDQVFELAQELQEKQTDGNRQKATHLDKAVKEAADELYQRVR,35nM,40nM
AHB2,ELEEQVMHVLDQVSELAHELLHKLTGEELERAAYFNWWATEMMLELIKSDDEREIREIEEEARRILEHLEELARK,15nM,20nM
Influenza,CIEQSFTTLFACQTAAEIWRAFGYTVKIMVDNGNCRLHVC,10nM + or 100uM+,1uM+
LCB1,DKEWILQKIYEIMRLLDELGHAEASMRVSDLIYEFMKKGDERLLEEAERLLEEVER,23pM,20pM
LCB2,SDDEDSVRYLLYMAELRYEQGNPEKAKKILEMAEFIAKRNNNEELERLVREVKKRL,50nM+,50nM+
LCB3,NDDELHMLMTDLVYEALHFAKDEEIKKRVFQLFELADKAYKNNDRQKLEKVVEELKELLERLLS,50pM,50pM
LCB4,QREKRLKQLEMLLEYAIERNDPYLMFDVAVEMLRLAEENNDERIIERAKRILEEYE,2.5nM,2.5nM
LCB5,SLEELKEQVKELKKELSPEMRRLIEEALRFLEEGNPAMAMMVLSDLVYQLGDPRVIDLYMLVTKT,50nM+,50nM+
AAV9_560-606,ITNEEEIKTTNPVATESYGQVATNHQSAQAQAQTGWVQNQGILPGMV,,
PHP.eB_560-606,ITNEEEIKTTNPVATESYGQVATNHQSDGTLAVPFKAQAQTGWVQNQGILPGMV,,